First Name,Last Name,Title,company_name,Email,# Employees,Country
Abid,Mazari,Chief Financial Officer,ePlanet Communications,mamazari@eplanetcom.com,280,Pakistan
Adam,S,Business Owner,Adam&EveInc,sa@adamandeveinc.in,28,United States
Aharon,Balnen,Founder and owner,PerceptionBox,rbalnen@perceptionbox.io,26,Israel
Ahmad,Samad,VP Business Development,Scicom MSC Berhad,rizal@scicom.com.my,2100,Malaysia
Ales,Riha,Center of Excellence Director,CN Group CZ,riha@cngroup.dk,350,Czech Republic
Alex,Fesak,Founder,EcDev Studio,oleksandr.fesak@ecdevstudio.com,18,Ukraine
Amanda,Shadrack,Director Of Operations,BroadPath,shadrack.amanda@broad-path.com,1300,United States
Amicassa,Melchor,Project Support Head,Amicassa Process Solutions,melchor.amicassa@amicassa.com.ph,360,Philippines
Ana,Karina,Executive President,Asociación Colombiana de BPO,presidencia@bpro.org,20,Colombia
Andre,McLean,President,Beryllium Limited,mcleana@goberyllium.com,59,Jamaica
Andres,Wong,Chief Technology Officer,APEX Call Centers,wong.it@apexcallcenters.com,69,Mexico
Andy,Schachtel,President/CEO,Sourcefit,schachtel@sourcefit.com,530,United States
Andy,Zern,Director of Engineering,New Standard,lazern@newstandard.com,140,United States
Angelo,Morrone,CFO,Sagres,morrone@sagresgestioni.it,140,Italy
Anna,Yarashus,Owner,Better Solutions,yarashusa@bettersolutionsforbiz.com,44,United States
Armando,Leone,Ceo,Prime BPO srl,leone@primebpo.it,16,Italy
Ashley,Laguda,Director,HIKINEX,ralaguda@hikinex.com,280,United States
Aurelian,Teodoroiu,Product Owner,Societe Generale Global Solution Centre Romania,stefan-aurelian.teodoroiu-constantin@socgen.com,1500,Romania
Ayeni,Ekundayo,Co-Founder,CareerXpress,tolu@careerxpress.co,120,United States
Bill,Dannehl,President & COO,New Standard,wbdannehl@newstandard.com,140,United States
Bob,Long,VP Sales,Canon Business Process Services,rlong@cbps.canon.com,2300,United States
Brad,Wolfe,Owner,NovaLink,wbwolfe@novalinkmx.com,130,United States
Bruce,Trutna,VP,Affiliated Computer Services,trutna.bruce@acs-inc.com,220,United States
Burgon,Todd,"VP Finance, PF&A",MarketStar,tburgon@marketstar.com,2000,United States
Butch,Villamor,president,One Outsource,more@oodc.com.ph,67,Philippines
Carol,Rhoden,Assistant Vice President,Beryllium Limited,rhodenc@goberyllium.com,59,Jamaica
Carol,Greene,Executive Vice President,Siaisi,greenec@driasi.com,,
Chad,Pendleton,Partner Support Specialist,MarketStar,pendletonc@google.com,2000,United States
Channing,Matthews,Independent Business Owner,Arise Virtual Solutions,matthews@arise.com,3100,United States
Cheng,Mei,Head Of Accounting,Ledgen,yinmei.cheng@ledgengroup.com,28,Malaysia
Cherry,Orlina,CEO/Founder,MCVO Talent Outsourcing Services,mcvo@mcvotalent.com,85,Philippines
Chris,M,Marketing Director,Chrisian,m@christianinc.org,24,United States
Chris,Clayton,CEO Founder,Tricord,jcclayton@tricordintl.com,,
Christopher,Stapleton,COO/CFO,iVox Solutions,stapleton@ivoxsolutions.com,120,United States
Cindy,Lapadula,"Senior Vice President, Business Transformation",S.O.S,lapadulac@driasi.com,,
Claudiu,Patt,Chief Technology Officer,Netex Group,max@netex.ro,230,Romania
Costel,Stefan,CTO,Conectys,stefan.costel@conectys.com,1800,Romania
Dain,Salva,Head Of Client Services,Springboard Philippines,salvad@springboard.com.ph,21,Philippines
Daniel,Pristach,Founder & CEO,E-Consulting Czech,pristach@e-cons.cz,21,Czech Republic
Danielle,Sundby,Director of Finance,driasi,sundbyd@driasi.com,120,United States
David,Qin,Co-Founder,DiscoverSourcing.com,qin@discoversourcing.com,16,China
Denes,Kovacshazy,Founder / CEO,Multicom,kovacshazy.denes@multicom.hu,,
Dennis,Salvador,Director Of Technology Services,Connext,salvador@connext.solutions,280,Philippines
Dewi,Marketing,President Office,PT SOS Indonesia,marketing@sos.co.id,56,Indonesia
Diana,Luna,Director Regional Bogota,Synerjoy,luna@synerjoy.com,150,Colombia
Dinmar,Quilantang,Financial Services Group Operations Head,Amicassa Process Solutions,quilantang.dinmar@amicassa.com.ph,360,Philippines
Dominique,Piotet,US representative at Beetroot and Co-Founder & CEO,Beetroot,piotet@beetroot.co,410,Ukraine
Donald,Lim,Chief Executive Officer,Index Cool Marine & Industry,limdonald@index-cool.com.sg,33,Singapore
Edi,Richard,Director,TeamAce,richard@teamace.com.ng,23,Nigeria
Elio,Cecconi,Ceo,MSG Soc. Cons. a r.l,raz@consorziogalileo.it,19,Italy
Elizabeth,Murray,Senior Director of Marketing,SEBPO,liz@sebpo.com,1300,United States
Emmanuel,Olaegbe,Managing Director/CEO,INNER RING ENGINEERING AND LOGISTICS SERVICES,olaegbe@innerringltd.com,16,Nigeria
Eng,Soon,Head of Facility and Delivery Management,INSCALE,sel@vedelit.com,360,Malaysia
Ernest,Obermann,Co-founder & Managing Leader,Bizeu Networked Businesses Association,obermann@bizeu.net,18,Germany
Fatima,Pablo,Director Of Operations,Virtudesk,patricia@myvirtudesk.com,260,Philippines
Fernanda,Gilbert,Vice President Operations & Chief Underwriter,Siso,gilbertf@driasi.com,,
Florencia,Oria,Group CFO,Apex America,maria.oria@apexamerica.com,3200,Argentina
Francis,Dsouza,AVP Operations,Conneqt,francis.dsouza@conneqtcorp.com,,
Francis,Cue,Director / Founder,Supporting Enterprises,franciscue@supportingenterprises.com.au,,
Francisca,Musso,Consultor Head Hunting Professional Permanent Placement,Grupo Progestion,francisca.musso@grupoprogestion.com,,
Franco,Zhu,COO,Complete,franco.zhu@completemad.com,,
Francys,Martinez,Director de prestación de servicio,Grupo AccionPlus,francys-martinez@accionplus.com,,
Frank,Camp,"Senior Vice President, Client Services",Global Contact,frank.camp@gcsagents.com,,
Frank,Esparza,VP of Sales and Marketing,Call Center,frank.esparza@bajacallcenters.com,,
Frank,Pettinato,CEO,Avantive,frank.pettinato@avantivesolutions.com,,
Frank,Romeo,"VP, Americas Business Development",Remote Team,frank@remotesolution.co.kr,,
Frank,Schellenberg,Founder & Chief Executive Officer,Digi-Texx,fschellenberg@digi-texx.vn,,
Frankie,Cacafranca,Training and Quality Director,Sykes,frankie.cacafranca@sykes.com,,
Freddy,Del,Chief Executive Officer,Fast Hunt,freal@fasthuntservice.com,,
Frederic,Rustan,Directeur des opérations,Bey Outsourcing,frederic.rustan@be-ys-outsourcing-services.com,,
Gabriel,Lawson,"VP, Technical Project Management | Software & Application Development | Technical Innovation | QA",PGI,gabriel.lawson@pgi.com,,
Gabriel,Manzanera,Global Program Director,Sellbytel,gabriel.manzanera@sellbytel.es,,
Gad,Shamay,Head of Learning and Training department,Camarel,gad.s@amarel.net,,
Gaia,Lising,Chief Operating Officer,NarraSoft,gaia.lising@narrasoft.com,,
Gajewski,Pawel,CEO,MEWO S.A,pgajewski@mewo.eu,93,Poland
Ganesan,Kanavathy,Vice President,Scicom,ganesan.kanavathy@scicom.com.my,,
Ganesh,Udayashankar,Co-Founder & Managing Director,FinAcct,ug@finacctsolutions.com,36,United States
Gareth,Edwards,Head Of Partnerships,Intelling,gareth.edwards@intelling.co.uk,,
Gareth,Parry,Programme Director,Maximus,gareth.parry@remploy.co.uk,,
Garrett,Mullins,Vice President,Valor,garrett.mullins@valorglobal.com,,
Garth,Haan,Vice President Of Business Development,WNS,garth.dehaan@wns.com,,
Garth,Howard,CEO,Alpine,garth.howard@sykes.com,,
Gary,Blanchard,Chief Operating Officer,Intelling,gary.blanchard@intelling.co.uk,,
Gary,Clark,Owner,Active Telesource,gary.clark@activetelesource.com,,
Gary,Geml,Director of Accounts – Automotive,DD,gary.geml@dialog-direct.com,,
Gary,Gilburd,CEO,Sigma,gary.gilburd@sigfin.co.uk,,
Gary,Scott,Operations Director,Conntrak,gary.scott@conntrak.com,,
Gary,Spann,Employer Services Director,Maximus,gary.spann@maximusuk.co.uk,,
Gary,King,Marketing Director,ATG,gary@atg-global.com,,
Gary,Sayers,Chief Operating Officer,Abtran,garysayers@abtran.com,,
Gaspar,Kapronczay,director,TeleDirect,kapronczay@teledirect.hu,,
Gavin,Atkinson,Managing Director,WNS,gavin.atkinson@wns.com,,
Gavin,Straker,Head of Quality and Compliance,Ant,gavin.straker@antmarketing.com,,
Gayle,Carmichael,Finance Business Partner,Kura,gayle.carmichael@wearekura.com,,
Geert,Crooijmans,Directeur Nederland Soleo Contactcenters,Soleo,gcrooijmans@soleo.nl,,
Gemma,Bignell,Chief Financial Officer,The Briars,gemma.bignell@briarsgroup.com,,
Geneveve,Acebron,COO,Aristo,geneveve@aristosourcing.com,,
Geoff,Hardes,Chief Operating Officer CMUK,Capita,geoff.hardes@capita.co.uk,,
Geoffrey,Gulley,Director Of Client Services,RDI,ggulley@rdicorp.com,,